University,CV_team_name,link
Instituto Tecnológico de Buenos Aires,WRL-Combustion,https://fs-world.org/p2.php?u=1120&c=1
Flinders University (Adelaide),WRL-Combustion,https://fs-world.org/p2.php?u=1049&c=1
University of Adelaide,University of Adelaide Racing Concepts,https://tid.fsg.one/163
University of South Australia,WRL-Combustion,https://fs-world.org/p2.php?u=490&c=1
Curtin University (Bentley),Curtin Motorsport Team ,https://tid.fsg.one/428
University of Queensland,UQ Racing,https://tid.fsg.one/46
The University of Newcastle,NU Racing,https://tid.fsg.one/768
Australian National University,WRL-Combustion,https://fs-world.org/p2.php?u=180&c=1
University of New South Wales - Australian Defence Force Academy,WRL-Combustion,https://fs-world.org/p2.php?u=539&c=1
Deakin University,Deakin Race Technologies,https://tid.fsg.one/73
Edith Cowan University,Edith Cowan University Racing,https://tid.fsg.one/719
Monash University (Melbourne),Monash Motorsport,https://tid.fsg.one/54
RMIT University (Melbourne),RMIT Racing,https://tid.fsg.one/77
Swinburne University of Technology,team Swinburne,https://tid.fsg.one/87
University of Melbourne,WRL-Combustion,https://fs-world.org/p2.php?u=304&c=1
"Victoria University, Australia",WRL-Combustion,https://fs-world.org/p2.php?u=507&c=1
Federation University Australia,WRL-Combustion,https://fs-world.org/p2.php?u=472&c=1
Griffith University (Nathan),WRL-Combustion,https://fs-world.org/p2.php?u=972&c=1
Western Sydney University,WRL-Combustion,https://fs-world.org/p2.php?u=1050&c=1
University of Western Australia (Perth),UWA Motorsport,https://tid.fsg.one/136
University of Tasmania,WRL-Combustion,https://fs-world.org/p2.php?u=495&c=1
University of New South Wales,Redback Racing,https://tid.fsg.one/48
University of Sydney,WRL-Combustion,https://fs-world.org/p2.php?u=390&c=1
"University of Technology, Sydney",UTS Motorsports,https://tid.fsg.one/168
University of Southern Queensland,WRL-Combustion,https://fs-world.org/p2.php?u=493&c=1
James Cook University (Townsville),WRL-Combustion,https://fs-world.org/p2.php?u=923&c=1
University of Wollongong,WRL-Combustion,https://fs-world.org/p2.php?u=501&c=1
Fachhochschule Joanneum Graz,joanneum racing graz,https://tid.fsg.one/52
Technische Universität Graz,TU Graz Racing Team,https://tid.fsg.one/33
FH Campus Wien,OS.Car Racing Team,https://tid.fsg.one/812
Technische Universität Wien,TUW Racing,https://tid.fsg.one/125
Khulna University of Engineering & Technology,KILO FLIGHT,https://tid.fsg.one/1076
Rajshahi University of Engineering & Technology,Crack Platoon,https://tid.fsg.one/795
Karel de Grote University College,KdG Automotive,https://tid.fsg.one/371
KU Leuven - Group T Campus,Formula Group T,https://tid.fsg.one/425
Thomas More Mechelen - De Nayer (Sint-Katelijne-Waver),Lessius Racing Team,https://tid.fsg.one/235
University of Mostar,FSRacing Team,https://tid.fsg.one/938
University of Sarajevo,Arger Racing FS Team,https://tid.fsg.one/1240
Universidade Federal de Sergipe,WRL-Combustion,https://fs-world.org/p2.php?u=865&c=1
UniSALESIANO Araçatuba,WRL-Combustion,https://fs-world.org/p2.php?u=1047&c=1
São Paulo State University - UNESP - Bauru,WRL-Combustion,https://fs-world.org/p2.php?u=925&c=1
Centro Federal de Educação Tecnológica de Minas Gerais,Fórmula CEFAST,https://tid.fsg.one/177
Universidade Federal de Minas Gerais,Formula SAE UFMG Team,https://tid.fsg.one/405
Universidade de Brasília,WRL-Combustion,https://fs-world.org/p2.php?u=198&c=1
Federal University of Paraíba,WRL-Combustion,https://fs-world.org/p2.php?u=696&c=1
Universidade Federal de Campina Grande,WRL-Combustion,https://fs-world.org/p2.php?u=1046&c=1
Universidade Estadual de Campinas,Equipe FSAE-UNICAMP,https://tid.fsg.one/170
Universidade Paulista - Campinas - Campus II,WRL-Combustion,https://fs-world.org/p2.php?u=1128&c=1
Universidade Estadual do Oeste do Paraná,WRL-Combustion,https://fs-world.org/p2.php?u=1127&c=1
Universidade Comunitária Regional de Chapecó,WRL-Combustion,https://fs-world.org/p2.php?u=924&c=1
Universidade Federal de Mato Grosso (Cuiabá),WRL-Combustion,https://fs-world.org/p2.php?u=974&c=1
Universidade Federal do Paraná,WRL-Combustion,https://fs-world.org/p2.php?u=1045&c=1
Universidade Tecnológica Federal do Paraná,WRL-Combustion,https://fs-world.org/p2.php?u=453&c=1
Universidade Federal do Ceará,WRL-Combustion,https://fs-world.org/p2.php?u=210&c=1
Universidade Estadual Paulista - Guaratinguetá,WRL-Combustion,https://fs-world.org/p2.php?u=208&c=1
UNESP - Campus de Ilha Solteira,WRL-Combustion,https://fs-world.org/p2.php?u=755&c=1
Universidade Federal de Itajubá - Itabira,WRL-Combustion,https://fs-world.org/p2.php?u=808&c=1
Universidade Federal de Itajubá - Itajubá,Cheetah Racing UNIFEI,https://tid.fsg.one/494
Universidade Federal de Santa Catarina - Joinville,WRL-Combustion,https://fs-world.org/p2.php?u=757&c=1
Universidade Federal De Lavras,WRL-Combustion,https://fs-world.org/p2.php?u=1121&c=1
Escola de Engenharia de Lorena da Universidade de São Paulo,WRL-Combustion,https://fs-world.org/p2.php?u=863&c=1
Universidade Federal do Rio Grande do Sul,WRL-Combustion,https://fs-world.org/p2.php?u=754&c=1
Centro Federal de Educação Tecnológica Celso Suckow da Fonseca,WRL-Combustion,https://fs-world.org/p2.php?u=197&c=1
Universidade Federal do Rio de Janeiro,WRL-Combustion,https://fs-world.org/p2.php?u=207&c=1
Centro integrado de Manufatura e Tecnologia - SENAI/CIMATEC,WRL-Combustion,https://fs-world.org/p2.php?u=201&c=1
Universidade Federal da Bahia (Salvador),WRL-Combustion,https://fs-world.org/p2.php?u=753&c=1
Universidade Federal de Santa Maria,WRL-Combustion,https://fs-world.org/p2.php?u=695&c=1
Instituto Mauá de Tecnologia,Maua Racing,https://tid.fsg.one/1179
Escola de Engenharia de São Carlos da Universidade de São Paulo,EESC - USP Formula SAE,https://tid.fsg.one/300
Universidade Federal de São Carlos,WRL-Combustion,https://fs-world.org/p2.php?u=809&c=1
Universidade Federal de São João del Rei,WRL-Combustion,https://fs-world.org/p2.php?u=864&c=1
Universidade Paulista,WRL-Combustion,https://fs-world.org/p2.php?u=205&c=1
Escola Politécnica da Universidade de São Paulo,Equipe Poli Racing,https://tid.fsg.one/239
Centro Universitário Facens (Sorocaba),V8 Racing,https://tid.fsg.one/212
Universidade Paulista - Sorocaba,WRL-Combustion,https://fs-world.org/p2.php?u=608&c=1
Universidade Federal do Pará - Campus Tucuruí - UFPA,WRL-Combustion,https://fs-world.org/p2.php?u=1125&c=1
Universidade Federal de Uberlândia - UFU,UFU Racing,https://tid.fsg.one/1058
Universidade Federal de Viçosa,WRL-Combustion,https://fs-world.org/p2.php?u=1124&c=1
Polo Universitario de Volta Redonda - Universidade Federal Fluminense,WRL-Combustion,https://fs-world.org/p2.php?u=807&c=1
Technical University of Sofia,TU-Sofia Racing Team,https://tid.fsg.one/725
University of Calgary,WRL-Combustion,https://fs-world.org/p2.php?u=408&c=1
Université du Québec à Chicoutimi,WRL-Combustion,https://fs-world.org/p2.php?u=354&c=1
University of Alberta (Edmonton),University of Alberta FSAE,https://tid.fsg.one/329
University of New Brunswick (Fredericton),WRL-Combustion,https://fs-world.org/p2.php?u=1022&c=1
University of Guelph,WRL-Combustion,https://fs-world.org/p2.php?u=417&c=1
Dalhousie University,WRL-Combustion,https://fs-world.org/p2.php?u=231&c=1
University of British Columbia - Okanagan,WRL-Combustion,https://fs-world.org/p2.php?u=1020&c=1
Queen's University,WRL-Combustion,https://fs-world.org/p2.php?u=333&c=1
Fanshawe College,WRL-Combustion,https://fs-world.org/p2.php?u=241&c=1
Western University (London),Western Formula Racing,https://tid.fsg.one/446
Cégep du Vieux Montréal,WRL-Combustion,https://fs-world.org/p2.php?u=211&c=1
Concordia University,WRL-Combustion,https://fs-world.org/p2.php?u=226&c=1
École de Technologie Superieure,Formule ETS,https://tid.fsg.one/145
École Polytechnique de Montréal,EPM Motorsport,https://tid.fsg.one/88
McGill University (Montréal),McGill Racing Team,https://tid.fsg.one/497
University of Ontario Institute of Technology,UOIT Motorsports,https://tid.fsg.one/233
University of Ottawa,WRL-Combustion,https://fs-world.org/p2.php?u=487&c=1
University of Regina,WRL-Combustion,https://fs-world.org/p2.php?u=489&c=1
École nationale d'aérotechnique,WRL-Combustion,https://fs-world.org/p2.php?u=236&c=1
University of Saskatchewan,WRL-Combustion,https://fs-world.org/p2.php?u=439&c=1
Memorial University of Newfoundland,WRL-Combustion,https://fs-world.org/p2.php?u=305&c=1
Lakehead University,WRL-Combustion,https://fs-world.org/p2.php?u=562&c=1
University of Toronto,UToronto Racing,https://tid.fsg.one/147
Université du Québec à Trois-Rivières,WRL-Combustion,https://fs-world.org/p2.php?u=468&c=1
University of British Columbia - Vancouver,WRL-Combustion,https://fs-world.org/p2.php?u=355&c=1
University of Victoria,UVic Racing,https://tid.fsg.one/89
University of Waterloo,University of Waterloo Formula Motorsports,https://tid.fsg.one/317
University of Windsor,Lancer Motorsports,https://tid.fsg.one/47
University of Manitoba,Polar Bear Racing,https://tid.fsg.one/236
Beijing Institute of Technology,BIT-RACING,https://tid.fsg.one/445
Tsinghua University (Beijing),THU Racing,https://tid.fsg.one/527
Jilin University (Changchun),Gspeed Formula Racing Team of Jilin University,https://tid.fsg.one/989
Hunan University (Changsha),Hunan University Racing Team,https://tid.fsg.one/654
Zhejiang University City College,WRL-Combustion,https://fs-world.org/p2.php?u=1040&c=1
TongJi ZheJiang College (Jiaxing City),Dragon Racing Team,https://tid.fsg.one/929
Liaoning University of Technology (Jinzhou),LUT,https://tid.fsg.one/652
Guangxi University of Science and Technology (Liuzhou),GXUST Racing,https://tid.fsg.one/1016
Qingdao Technological University,QTU,https://tid.fsg.one/545
Shanghai Jiao Tong University,WRL-Combustion,https://fs-world.org/p2.php?u=365&c=1
Tongji University (Shanghai),TJU Racing,https://tid.fsg.one/463
Northeastern University,NEU DUN Racing Team,https://tid.fsg.one/651
Hubei University of Automotive Technology,HUAT  Racing Team,https://tid.fsg.one/526
Tianjin University,Peiyang Power Racing,https://tid.fsg.one/546
Tianjin University Internal Combustion Engine Research Institute,TU-TICERI FSAE TEAM,https://tid.fsg.one/632
Harbin Institute of Technology at Weihai,HRT,https://tid.fsg.one/539
Xiamen University of Technology,AMOY,https://tid.fsg.one/594
Universidad Tecnológica de Pereira,WRL-Combustion,https://fs-world.org/p2.php?u=1122&c=1
University of Rijeka,Riteh Racing Team,https://tid.fsg.one/268
University of Split,FESB Racing,https://tid.fsg.one/483
University of Zagreb,FSB Racing Team,https://tid.fsg.one/521
Brno University of Technology,TU Brno Racing,https://tid.fsg.one/358
Technical University of Liberec,FS TUL Racing,https://tid.fsg.one/824
VŠB - Technical University of Ostrava,Formula TU Ostrava,https://tid.fsg.one/711
University of West Bohemia (Plzen),Racing Team Pilsen,https://tid.fsg.one/207
Czech Technical University in Prague,CTU CarTech,https://tid.fsg.one/188
Czech University of Life Sciences Prague,CULS Prague Formula Racing,https://tid.fsg.one/185
Aalborg University,AAU Racing,https://tid.fsg.one/118
VIA University College (Horsens),VIA-Hunters Racing Team,https://tid.fsg.one/870
University of Southern Denmark (Odense),SDU - Vikings Racing Team,https://tid.fsg.one/261
Universidad Politecnica Salesiana,UPS RACING TEAM,https://tid.fsg.one/502
Universidad de las Fuerzas Armadas - ESPE (Latacunga),FESPE,https://tid.fsg.one/306
Universidad Tecnológica Equinoccial,GT,https://tid.fsg.one/466
Alexandria University,Alexandria University Motorsports,https://tid.fsg.one/267
"Arab Academy for Science, Technology & Maritime Transport (AASTMT) (Alexandria)",AAM Racing Team,https://tid.fsg.one/660
Higher Technological Institute,HTI formula student,https://tid.fsg.one/734
Assiut University,Formula Assiut,https://tid.fsg.one/761
Ain Shams University (Cairo),WRL-Combustion,https://fs-world.org/p2.php?u=843&c=1
Cairo University (Giza),Cairo Uni Racing Team,https://tid.fsg.one/479
Helwan University (‏جامعة حلوان),Helwan Formula Student Racing Team,https://tid.fsg.one/564
Kafrelsheikh University (Kafr El-Shaikh),Kafr El Sheikh Racing Team,https://tid.fsg.one/1032
Mansoura University,WRL-Combustion,https://fs-world.org/p2.php?u=1026&c=1
Menoufia University,Menoufia Formula Student,https://tid.fsg.one/868
Canadian International Collage - New Cairo,Radix CIC Racing Team,https://tid.fsg.one/1238
German University in Cairo,GUC Students Automotive Society,https://tid.fsg.one/629
South Valley University,SVU Formula Team,https://tid.fsg.one/999
Zagazig University,ZUFS Racing Team,https://tid.fsg.one/739
Tallinn TU UAS,FS Team Tallinn,https://tid.fsg.one/201
Helsinki University of Technology (Espoo),Otaniemi Flying Finns,https://tid.fsg.one/154
Helsinki Metropolia University of Applied Sciences,Metropolia Motorsport,https://tid.fsg.one/37
University of Oulu,Formula Student Oulu,https://tid.fsg.one/817
TAMK University of Applied Sciences,Tampere Formula Student,https://tid.fsg.one/205
ENSTA Bretagne,ENSTA Bretagne Racing Team,https://tid.fsg.one/1130
École Centrale Paris,WRL-Combustion,https://fs-world.org/p2.php?u=902&c=1
École des Mines de Douai,WRL-Combustion,https://fs-world.org/p2.php?u=525&c=1
École Centrale de Lyon (Ecully),Ecurie Piston Sport Auto,https://tid.fsg.one/587
ESTACA - Paris-Saclay (Ecole Supérieure des Techniques Aéronautiques et de Construction Automobile) (Levallois-Perret),Estaca Formula Team,https://tid.fsg.one/533
Ecole Nationale d'Ingénieurs de Metz,Metz Racing Team,https://tid.fsg.one/219
University of Burgundy - ISAT (Nevers),ISAT Formula Team,https://tid.fsg.one/121
Institut National des Sciences Appliquées de Rennes,Formula Student INSA Rennes,https://tid.fsg.one/193
Ecole Nationale d'Ingénieurs de Tarbes,Concept65 Racing Team,https://tid.fsg.one/292
Université de Versailles-Saint-Quentin-en-Yvelines,DMS Racing Team,https://tid.fsg.one/263
National Institute of Applied Sciences Lyon (Villeurbanne),INSA Racing Team,https://tid.fsg.one/1216
Fachhochschule Aachen,Aixtreme Racing,https://tid.fsg.one/140
Rheinisch-Westfälische Technische Hochschule Aachen,Ecurie Aix - Formula Student Team RWTH Aachen e.V.,https://tid.fsg.one/17
Ostbayerische Technische Hochschule Amberg-Weiden (OTH),Running Snail Racing Team,https://tid.fsg.one/38
Universität Bayreuth,Elefant Racing,https://tid.fsg.one/31
Berlin School of Economics,BA Motors,https://tid.fsg.one/76
Hochschule für Technik und Wirtschaft Berlin,HTW Motorsport,https://tid.fsg.one/41
Technische Universität Berlin,FaSTTUBe Combustion,https://tid.fsg.one/32
Ruhr-Universität Bochum,RUB Motorsport,https://tid.fsg.one/94
Technische Universität Braunschweig,Lions Racing Team,https://tid.fsg.one/14
Technische Universität Clausthal,Green Voltage Racing,https://tid.fsg.one/408
Fachhochschule Coburg,CAT-Racing,https://tid.fsg.one/129
Brandenburgische Technische Universität Cottbus,BTU-Motorsport,https://tid.fsg.one/153
"Hochschule Darmstadt, UAS",Formula Student Team Darmstadt,https://tid.fsg.one/199
Technische Universität Darmstadt,Akademische Motorsportgruppe Darmstadt e.V.,https://tid.fsg.one/28
Deggendorf Institute of Technology,Fast Forest,https://tid.fsg.one/173
Fachhochschule für Wirtschaft und Technik,Deefholt Dynamics e.V.,https://tid.fsg.one/64
Fachhochschule Dortmund,FH-Dortmund Race-Ing.,https://tid.fsg.one/50
Technische Universität Dortmund,GET racing Dortmund e.V.,https://tid.fsg.one/43
Technische Universität Dresden,Elbflorace,https://tid.fsg.one/86
Friedrich-Alexander-Universität Erlangen-Nürnberg,High-Octane Motorsports e.V.,https://tid.fsg.one/95
Hochschule Esslingen,Rennstall Esslingen,https://tid.fsg.one/68
Fachhochschule Frankfurt am Main,FH Frankfurt am Main Racing Team,https://tid.fsg.one/152
Technische Universität Bergakademie Freiberg,Racetech Racing Team TU Bergakademie Freiberg e.V.,https://tid.fsg.one/72
Technische Hochschule Mittelhessen (Gießen),THM Motorsport,https://tid.fsg.one/222
Helmut Schmidt Universität / Universität der Bundeswehr Hamburg,Eleven-O-Six Racing Team,https://tid.fsg.one/100
Hochschule für Angewandte Wissenschaften Hamburg,HAWKS Racing e. V.,https://tid.fsg.one/22
Technische Universität Hamburg-Harburg,e-gnition,https://tid.fsg.one/413
Fachhochschule Hannover,Campus Motorsport Hannover,https://tid.fsg.one/167
Leibniz Universität Hannover,HorsePower Hannover e.V.,https://tid.fsg.one/127
Hochschule Heilbronn,HHN Racing e.V.,https://tid.fsg.one/215
Duale Hochschule Baden-Württemberg Stuttgart Campus Horb,Dual Racing DHBW Campus Horb,https://tid.fsg.one/418
Technische Universität Ilmenau,Team StarCraft e.V.,https://tid.fsg.one/83
Technische Universität Kaiserslautern,Kaiserslautern Racing Team,https://tid.fsg.one/128
Hochschule Karlsruhe - Technik und Wirtschaft,High Speed Karlsruhe,https://tid.fsg.one/93
Karlsruhe Institute of Technology,KA-RaceIng Combustion,https://tid.fsg.one/60
Universität Kassel,Herkules Racing Team Kassel,https://tid.fsg.one/218
UAS Kempten,Infinity Racing - Rennteam der Hochschule Kempten e.V.,https://tid.fsg.one/130
Fachhochschule Kiel,raceyard,https://tid.fsg.one/49
Koblenz University of Applied Science,Rhein-Mosel-Motorsport,https://tid.fsg.one/801
Technische Hochschule Köln,Formula Racing Cologne,https://tid.fsg.one/101
Fachhochschule Konstanz,Bodensee Racing Team,https://tid.fsg.one/30
Hochschule Niederrhein (Krefeld),HSNR Racing,https://tid.fsg.one/451
Technische Hochschule Ostwestfalen-Lippe (Lemgo),OWL Racing-Team,https://tid.fsg.one/179
Technische Hochschule Lübeck,Seagulls Luebeck,https://tid.fsg.one/1043
Otto-von-Guericke-Universität Magdeburg,UMD Racing e.V.,https://tid.fsg.one/196
Hochschule Mannheim,Delta Racing Mannheim,https://tid.fsg.one/181
Hochschule für Technik und Wirtschaft Mittweida,Technikum Mittweida Motorsport,https://tid.fsg.one/126
Duale Hochschule Baden-Württemberg Mosbach,mosTEC.racing,https://tid.fsg.one/223
Fachhochschule München,municHMotorsport,https://tid.fsg.one/23
Technical University of Munich,TUfast,https://tid.fsg.one/15
Universität der Bundeswehr München,ATHENE RacingTeam,https://tid.fsg.one/404
Georg-Simon-Ohm-Hochschule Nürnberg,Strohm & Söhne,https://tid.fsg.one/377
Hochschule Offenburg,Black Forest Formula Team,https://tid.fsg.one/55
Fachhochschule Osnabrück,Ignition Racing Team,https://tid.fsg.one/80
Universität Paderborn,UPBracingTeam e.V.,https://tid.fsg.one/110
Hochschule Pforzheim,Rennschmiede Pforzheim,https://tid.fsg.one/241
Duale Hochschule Baden-Württemberg Ravensburg,Global Formula Racing (DE),https://tid.fsg.one/20
Ostbayerische Technische Hochschule Regensburg,Dynamics e.V. Combustion,https://tid.fsg.one/98
Saarland University (Saarbrücken),Saar Racing Team,https://tid.fsg.one/96
Hochschule Bonn-Rhein-Sieg (Sankt Augustin),BRS Motorsport e.V.,https://tid.fsg.one/186
FH Schmalkalden,Rennsteig Motorsport e.V.,https://tid.fsg.one/216
UAS Würzburg-Schweinfurt,Mainfranken Racing,https://tid.fsg.one/82
Universität Siegen,Speeding Scientists Siegen e.V.,https://tid.fsg.one/166
Fachhochschule Stralsund,Baltic Racing,https://tid.fsg.one/18
Duale Hochschule Baden-Württemberg Stuttgart,DHBW Engineering Stuttgart,https://tid.fsg.one/141
Universität Stuttgart,Rennteam Uni Stuttgart,https://tid.fsg.one/24
Fachhochschule Ulm,Einstein Motorsport,https://tid.fsg.one/51
University of Applied Sciences Ravensburg-Weingarten,Formula Student Team Weingarten,https://tid.fsg.one/174
Hochschule RheinMain (Wiesbaden),Scuderia Mensa HS RheinMain Racing,https://tid.fsg.one/74
Jade Hochschule (Wilhelmshaven),Racing Revolution e.V.,https://tid.fsg.one/400
Ostfalia University of Applied Sciences (Wolfenbüttel),Team wob-racing,https://tid.fsg.one/36
Bergische Universität Wuppertal,GreenLion Racing,https://tid.fsg.one/112
Westsächsische Hochschule Zwickau,WHZ Racing Team,https://tid.fsg.one/84
National Technical University of Athens,Prom Racing,https://tid.fsg.one/269
University of West Attica (Athens),Poseidon Team,https://tid.fsg.one/1137
Technological Educational Institute of Western Macedonia (Kozani),PERSEUS Racing,https://tid.fsg.one/819
Technological Educational Institute of Western Greece,FPone,https://tid.fsg.one/806
University of Patras,UoP Racing,https://tid.fsg.one/85
Aristotle University of Thessaloniki,Aristotle Racing Team,https://tid.fsg.one/144
University of Thessaly (Volos),Centaurus Racing Team,https://tid.fsg.one/655
Democritus University of Thrace (Xanthi),Democritus Racing Team (DRT),https://tid.fsg.one/822
Budapest University of Technology and Economics,BME Motorsport,https://tid.fsg.one/142
Széchenyi István University (Győr),Arrabona Racing Team,https://tid.fsg.one/678
Neumann János University,KEFO Motorsport,https://tid.fsg.one/803
University of Miskolc,Formula Racing Miskolc,https://tid.fsg.one/717
Reykjavík University,RU Racing,https://tid.fsg.one/1065
Indus University (Ahmedabad),THE VAYUPUTRAS,https://tid.fsg.one/1122
Aligarh Muslim University,ZHCET Formula Racing,https://tid.fsg.one/638
Laxmi Devi Institute of Engineering & Technology (Alwar),Torque India Racing Club,https://tid.fsg.one/151
Rajendra Mane College of Engineering and Technology,TEAM MH-08 RACING,https://tid.fsg.one/694
"Government College of Engineering, Aurangabad",Formula Geca,https://tid.fsg.one/1119
MGM's Jawaharlal Nehru Engineering College (Aurangabad),VAAYU,https://tid.fsg.one/862
Bangalore Institute of Technology,BIT Formula Racing,https://tid.fsg.one/549
BMS College of Engineering,Bullz Racing,https://tid.fsg.one/459
Nitte Meenakshi Institute of Technology,Team Arion,https://tid.fsg.one/1006
PES Institute of Technology (Bangalore),Team Vidyuth,https://tid.fsg.one/396
PES University (Bangalore),Team Haya Racing,https://tid.fsg.one/851
R.V.College of Engineering (Bangalore),Ashwa Racing,https://tid.fsg.one/103
Ramaiah Institute of Technology,Velocita Racing,https://tid.fsg.one/143
Sir M. Visvesvaraya Institute of Technology,Vulkan Motorsports ,https://tid.fsg.one/793
Sri Venkateshwara College of Engineering - Bangalore,Transformers,https://tid.fsg.one/646
Visvesvaraya Technological University,Tachyon Motorsport,https://tid.fsg.one/1261
Gogte Institute of Technology (Belgaum),Vijayrath Racing,https://tid.fsg.one/191
Acharya Institute of Technology,Max Torque Racing,https://tid.fsg.one/940
Oriental Institute of Science & Technology,QUASARS,https://tid.fsg.one/608
University Institute of Technology RGPV Bhopal,Team Infinity Racers,https://tid.fsg.one/975
Kalinga Institute of Industrial Technology (Bhubaneswar),Hermes Racing,https://tid.fsg.one/840
Engineering College Bikaner,Garud Racing,https://tid.fsg.one/282
National Institute of Technology - Calicut,Team Unwired,https://tid.fsg.one/538
Chandigarh College of Engineering and Technology,Team Corsa,https://tid.fsg.one/1011
Chandigarh Engineering College,speedy racers,https://tid.fsg.one/626
Panjab University,STORM-BREAKERS,https://tid.fsg.one/965
PEC University of Technology,Aziz Luna,https://tid.fsg.one/410
Charotar University of Science and Technology,Team Ojaswat,https://tid.fsg.one/905
Hindustan Institute of Technology and Science,Yodha Racing ,https://tid.fsg.one/281
Indian Institute of Technology Madras (Chennai),Raftar Formula Racing,https://tid.fsg.one/460
Madras Institute of Technology,Team Racing Nemos,https://tid.fsg.one/903
SRM Institute of Science and Technology - Kattankulathur (Chennai),Camber Racing,https://tid.fsg.one/552
SRM Institute of Science and Technology - Ramapuram (Chennai),Hawkz Racing,https://tid.fsg.one/1105
Vel Tech Multi Tech Dr.Rangarajan Dr.Sakunthala Engineering College,Fast and Furious Motorsports,https://tid.fsg.one/898
VIT University - Chennai,Shaurya Racing,https://tid.fsg.one/534
"Amrita School of Engineering, Coimbatore (Coimbatore)",Amrita Racing,https://tid.fsg.one/843
Dr. Mahalingam College of Engineering and Technology (Coimbatore),MCET Renn,https://tid.fsg.one/589
Kumaraguru College of Technology (Coimbatore),Team Sakthi Racing,https://tid.fsg.one/847
PSG College of Technology (Coimbatore),Pegasus Racing,https://tid.fsg.one/729
PSG Institute of Advanced Studies (Coimbatore),globus racing,https://tid.fsg.one/733
Sri Krishna College of Engineering And Technology,Gepard Racing,https://tid.fsg.one/514
United Institute of Technology,Indian Jaguar Racing,https://tid.fsg.one/732
DIT University,DIT MOTORACING,https://tid.fsg.one/856
Graphic Era University (Dehradun),GEUmotorsports,https://tid.fsg.one/853
Delhi Technological University,Team Defianz Racing,https://tid.fsg.one/816
Gandhi Institute of Research and Development,Horizon Raciing,https://tid.fsg.one/554
Guru Gobind Singh Indraprastha University,AIOUS Racing Team,https://tid.fsg.one/182
HMR Institute of Technology & Management,Mechsonic Racing,https://tid.fsg.one/677
Indian Institute of Technology Dhanbad,Team Mechismu,https://tid.fsg.one/1000
Indian School of Mines,MECHISMU RACING,https://tid.fsg.one/634
"J.C. Bose University of Science and Technology, YMCA (Faridabad)",Team Mechnext_Racing,https://tid.fsg.one/960
Manav Rachna International University (Faridabad),Team coolrunnings,https://tid.fsg.one/593
Gujarat Technological University (Gandhinagar),GTU Motorsports,https://tid.fsg.one/961
Galgotias University (Gautam Buddha Nagar),Automantra Racing,https://tid.fsg.one/889
"Sharda University, Greater Noida",Tornadoes Racing,https://tid.fsg.one/633
Indian Institute of Technology Guwahati,Evolution,https://tid.fsg.one/1089
Haldia Institute of Technology,MANAB RACING,https://tid.fsg.one/891
MCKV Institute of Engineering,Falcon Racing,https://tid.fsg.one/190
KLE Technological University (Hubballi),Team Vegadooth Racing,https://tid.fsg.one/922
Chaitanya Bharathi Institute of Technology (Hyderabad),WRL-Combustion,https://fs-world.org/p2.php?u=975&c=1
Guru Nanak Institute of Technology,Super Ignite Motorsports,https://tid.fsg.one/1007
MVSR Engineering College,Ampere Motorsport India,https://tid.fsg.one/685
Vasavi College of Engineering,Blitz Racing,https://tid.fsg.one/994
Vidya Jyothi Institute of Technology,V1 RACING TEAM,https://tid.fsg.one/645
VNR Vignana Jyothi Institute of Engineering and Technology,FSAE VNRVJIET,https://tid.fsg.one/417
DKTE Society's Textile and Engineering Institute,Trident Racing,https://tid.fsg.one/1191
Acropolis Technical Campus Indore,Acro-Racerz,https://tid.fsg.one/614
Medi-Caps University,MECHASONICS,https://tid.fsg.one/826
Shri G.S. Institute of Technology and Science Indore,GS Motorsports,https://tid.fsg.one/524
Jaipur Engineering College and Research Centre,Moonriders,https://tid.fsg.one/380
National Institute of Technology - Jalandhar,Perianth Racing,https://tid.fsg.one/1270
National Institute of Technology - Jamshedpur,WRL-Combustion,https://fs-world.org/p2.php?u=697&c=1
Indian Institute of Technology Kanpur,IITK Motorsports,https://tid.fsg.one/323
Indian Institute of Technology Kharagpur,Team KART,https://tid.fsg.one/915
"D. Y. Patil College of Engineering & Technology, Kasaba Bawada, Kolhapur ",DYP Motorsports,https://tid.fsg.one/1001
Shivaji University,Elite Racers,https://tid.fsg.one/286
TKM  College of Engineering,xlr8racing,https://tid.fsg.one/1115
MCT's Rajiv Gandhi Institute of Technology (Kottayam),WRL-Combustion,https://fs-world.org/p2.php?u=671&c=1
National Institute of Technology - Kurukshetra,Team Accelerons,https://tid.fsg.one/653
Malout Instiue Of Management And Information Technology,MALWA RACINGs,https://tid.fsg.one/693
National Institute of Technology - Karnataka (Mangalore),NITKRacing,https://tid.fsg.one/996
Mangalore Institute of Technology and Engineering,Formula MITE Racing,https://tid.fsg.one/1012
Sahyadri College of Engineering & Management (Manglore),Formula Sahyadri,https://tid.fsg.one/1101
Manipal Academy of Higher Education,Formula Manipal,https://tid.fsg.one/194
"SRM Institute of Science and Technology, NCR Campus",AeroX Motorsports,https://tid.fsg.one/901
Chandigarh University (Mohali),Indominus Motorsport,https://tid.fsg.one/849
Dwarkadas. J. Sanghvi College of Engineering (Mumbai),DJS Racing,https://tid.fsg.one/574
Fr Conceicao Rodrigues College of Engineering,Team CRCE Formula Racing,https://tid.fsg.one/846
G.V.Acharya Institute of Engineering & Technology (Mumbai),GVA Motorsports,https://tid.fsg.one/852
Indian Institute of Technology Bombay (Mumbai),IIT Bombay Racing Team,https://tid.fsg.one/217
K. J. Somaiya College of Engineering (Mumbai),Orion Racing India,https://tid.fsg.one/107
M.H. Saboo Siddik College of Engineering (Mumbai),Team MHSSC Racing,https://tid.fsg.one/45
Mukesh Patel School of Technology Management and Engineering,Team Enginium MPSTME,https://tid.fsg.one/604
Rajiv Gandhi Institute of Technology - Mumbai,Team RGIT Racing,https://tid.fsg.one/485
"Sardar Patel College of Engineering, Mumbai (Mumbai)",SPCE Racing,https://tid.fsg.one/839
"The National Institute of Engineering, Mysore",Force Ikshvaku,https://tid.fsg.one/857
St. Vincent Pallotti College of Engineering and Technology,Formula Ashwariders,https://tid.fsg.one/1068
Shri Guru Gobind Singhji Institute Of Engineering And Technology (Nanded),TEAM PRAVEG RACING,https://tid.fsg.one/921
Bharati Vidyapeeth College of Engineering,Triumphant Racers,https://tid.fsg.one/411
Datta Meghe College of Engineering (Navi Mumbai),Team Indus,https://tid.fsg.one/536
Lokmanya Tilak College of Engineering (Navi Mumbai),SCHNELL Racing,https://tid.fsg.one/912
Pillai College Of Engineering (Navi Mumbai),Hyperion Racing Team,https://tid.fsg.one/601
Saraswati College of Engineering,Prahaar Racing,https://tid.fsg.one/606
Indian Institute of Technology Delhi,AXLR8R Formula Racing,https://tid.fsg.one/135
Indira Gandhi Delhi Technical University for Women (New Delhi),Aious Formula Student,https://tid.fsg.one/844
Maharaja Agrasen Institute of Technology (New Delhi),KALAM MOTORSPORTS,https://tid.fsg.one/565
Netaji Subhas Institute of Technology,Bullethawk Racing,https://tid.fsg.one/906
Amity School of Engineering and Technology (Noida),MACH-RELOADED,https://tid.fsg.one/553
Vidyavardhini's College of Engineering and Technology (Palghar),ETHAN RACING,https://tid.fsg.one/842
Punjabi University,Team UDAY,https://tid.fsg.one/477
Thapar Institute of Engineering and Technology (Patiala),Team Fateh,https://tid.fsg.one/482
Sri Venkateswara College of Engineering,Traxion Racing,https://tid.fsg.one/679
Lovely Professional University,Illuminati Racers,https://tid.fsg.one/964
"Birla Institute of Technology & Science , Pilani",Inspired Karters,https://tid.fsg.one/430
AISSMS (All India Shri Shivaji Memorial Society's) College of Engineering (Pune),Resonance Racing,https://tid.fsg.one/907
College of Engineering Pune,Team Octane Racing,https://tid.fsg.one/811
"D.Y. Patil School of Engineering Academy, Ambi (Pune)",Team Revolution,https://tid.fsg.one/752
Dr. D. Y. Patil Institute Of Engineering and Technology (Pune),The Interceptors,https://tid.fsg.one/845
DY Patil College of Engineering Akurdi (Pune),The Metal Falcons,https://tid.fsg.one/855
Maharashtra Institute of Technology,Acceleracers,https://tid.fsg.one/452
MIT World Peace University,Acceleracers,https://tid.fsg.one/962
NBN Sinhgad School Of Engineering (Pune),T-REX Motorsports,https://tid.fsg.one/982
P.E.S. Modern College of Engineering,Formula Team Pegasus,https://tid.fsg.one/877
Padmabhooshan Vasantdada Patil Institute Of Technology (Pune),Team PVPIT,https://tid.fsg.one/837
Pimpri Chinchwad College Of Engineering (Pune),Team Kratos Racing,https://tid.fsg.one/735
Pimpri Chinchwad College Of Engineering & Research (Pune),Team Eminent Racing,https://tid.fsg.one/1272
Pune Vidyarti Griha's college of Engineering and Technology,Team Maverick,https://tid.fsg.one/1083
Rajarshi Shahu College Of Engineering (Pune),Redline Racing,https://tid.fsg.one/850
"Rajashrishau School of Engineering and Research , Narhe",Team Blackspanners,https://tid.fsg.one/1002
RMD Sinhgad School of Engineering,Tornado Motorsports,https://tid.fsg.one/1112
Savitribai Phule Pune University,Team Maverick,https://tid.fsg.one/1082
Sinhgad Academy Of Engineering (Pune),Team VAMOS AUTOCROSS,https://tid.fsg.one/720
"Sinhgad College of Engineering, Vadgaon (Pune)",STES Racing,https://tid.fsg.one/588
Smt. Kashibai Navale College of Engineering (Pune),STES's Stallion Motorsport ,https://tid.fsg.one/848
Symbiosis Institute of Technology,Wrench Wielders Racing,https://tid.fsg.one/958
TSSM’s Bhivarabai Sawant College of Engineering & Research,Team Mirage,https://tid.fsg.one/977
Vishwakarma Institute of Information Technology,Vishwaracers,https://tid.fsg.one/1014
Vishwakarma Institute of Technology (Pune),Veloce Racing,https://tid.fsg.one/978
Zeal College of Engineering and Research,Team Racing Pioneers,https://tid.fsg.one/1013
"Chitkara University, Punjab",Team Lakshya,https://tid.fsg.one/551
"Birla Institute of Technology, Mesra",Team Srijan,https://tid.fsg.one/841
National Institute of Foundry and Forge Technology (Ranchi),NIFFT,https://tid.fsg.one/561
Rayat Institute of Engineering and Information Technology,WRL-Combustion,https://fs-world.org/p2.php?u=571&c=1
National Institute of Technology - Rourkela,Team Roadrunner,https://tid.fsg.one/884
Veer Surendra Sai University of Technology,VeerRacerss,https://tid.fsg.one/879
"Amrutvahini College Of Engineering, Sangamner",Team Rousing,https://tid.fsg.one/998
Rajarambapu Institute of Technology,Nequit,https://tid.fsg.one/883
Bannari Amman Institute of Technology (Sathyamangalam),Falcon racing,https://tid.fsg.one/745
Shri Sant Gajanan Maharaj CE,Team SSGMCE Racing,https://tid.fsg.one/227
Bhartiya Institute of Engineering and Technology,BIET DragSports,https://tid.fsg.one/715
Nagesh Karajagi Orchid College Of Engineering & Technology,WRL-Combustion,https://fs-world.org/p2.php?u=1199&c=1
Solapur University,Team BrahMos Racing,https://tid.fsg.one/874
Deenbandhu Chhotu Ram University of  Science & Technology,Blackarc,https://tid.fsg.one/242
Sardar Vallabhbhai National Institute of Technology (Surat),Phoenix Racing SVNIT,https://tid.fsg.one/1121
VIT University - Vellore,Pravega Racing,https://tid.fsg.one/119
K L University (Vijayawada),KREINTO RACING,https://tid.fsg.one/859
"Kakatiya Institute of Technology and Science, Warangal (Warangal)",Force Racing,https://tid.fsg.one/1108
National Institute of Technology - Warangal,Mechxhausters,https://tid.fsg.one/1135
BITS Pilani KK Birla Goa Campus,Team Grease Monkeys,https://tid.fsg.one/1010
Institute of Technology Bandung,WRL-Combustion,https://fs-world.org/p2.php?u=802&c=1
University of Indonesia (Depok),UI Racing Team,https://tid.fsg.one/1250
Sepuluh Nopember Institute of Technology,WRL-Combustion,https://fs-world.org/p2.php?u=912&c=1
Sebelas Maret University (Surakarta),WRL-Combustion,https://fs-world.org/p2.php?u=1207&c=1
Gadjah Mada University,Bimasakti Racing Team,https://tid.fsg.one/1215
Universitas Negeri Yogyakarta,WRL-Combustion,https://fs-world.org/p2.php?u=976&c=1
Iran University of Science and Technology - Arak,IUST Racing ,https://tid.fsg.one/195
Isfahan University of Technology,IUT Racing Team,https://tid.fsg.one/59
Razi University,Razi Racing,https://tid.fsg.one/275
Ferdowsi University of Mashad,Caspian,https://tid.fsg.one/613
Iran University of Science and Technology,Isutac,https://tid.fsg.one/1005
Sharif University of Technology,Aria Motorsport,https://tid.fsg.one/291
University of Tehran,Persis Motorsport,https://tid.fsg.one/993
Technological University Dublin,WRL-Combustion,https://fs-world.org/p2.php?u=723&c=1
"Trinity College, University of Dublin",Formula Trinity,https://tid.fsg.one/1218
University College Dublin,UCD Racing,https://tid.fsg.one/108
Ben-Gurion University of the Negev (Be'er Sheva),Ben-Gurion Racing,https://tid.fsg.one/383
Technion - Israel Institute of Technology,Formula Technion,https://tid.fsg.one/531
Tel Aviv University,TAU Racecar Design,https://tid.fsg.one/690
Marche Polytechnic University,Polimarche Racing Team,https://tid.fsg.one/730
Università della Calabria (Arcavacata di Rende),Unical Reparto Corse,https://tid.fsg.one/208
Politecnico di Bari,Poliba Corse,https://tid.fsg.one/148
Alma Mater Studiorum - Università di Bologna,UniBo Motorsport,https://tid.fsg.one/273
University of Brescia,UniBS Motorsport,https://tid.fsg.one/649
Università degli Studi di Cagliari,UnicaR,https://tid.fsg.one/155
Università degli Studi della Campania Luigi Vanvitelli (Caserta),Scuderia Vanvitelli,https://tid.fsg.one/1236
Università degli Studi di Catania,WRL-Combustion,https://fs-world.org/p2.php?u=462&c=1
Università degli Studi di Ferrara,WRL-Combustion,https://fs-world.org/p2.php?u=526&c=1
Università degli Studi di Firenze,Firenze Race Team,https://tid.fsg.one/156
Università degli Studi di Salerno,Unisa Racing Team,https://tid.fsg.one/1009
Università del Salento (Lecce),Salento Racing Team,https://tid.fsg.one/198
University of Messina,FSMT,https://tid.fsg.one/381
Politecnico di Milano,Dynamis PRC,https://tid.fsg.one/139
University of Modena and Reggio Emilia,MoRe Modena Racing,https://tid.fsg.one/464
Università degli Studi di Napoli Federico II,"UniNa Corse - Squadra Corse ""Federico II""",https://tid.fsg.one/304
Università degli studi di Padova,Race UP Combustion,https://tid.fsg.one/66
Università degli Studi di Parma,Unipr Racing Team,https://tid.fsg.one/187
University of Perugia,UniPG Racing Team,https://tid.fsg.one/967
Università di Pisa,E-Team Squadra Corse,https://tid.fsg.one/203
"Università degli Studi di Roma ""La Sapienza""",Sapienza Corse,https://tid.fsg.one/183
Università degli Studi di Roma Tor Vergata,Scuderia Tor Vergata,https://tid.fsg.one/535
Politecnico di Torino,Squadra Corse Politecnico di Torino,https://tid.fsg.one/114
Università degli Studi della Tuscia (Viterbo),Unitus Racing Team,https://tid.fsg.one/278
Akita Prefectural University,WRL-Combustion,https://fs-world.org/p2.php?u=177&c=1
Chiba University,WRL-Combustion,https://fs-world.org/p2.php?u=214&c=1
Osaka Sangyo University,WRL-Combustion,https://fs-world.org/p2.php?u=324&c=1
Tokyo University of Agriculture and Technology,WRL-Combustion,https://fs-world.org/p2.php?u=395&c=1
Shonan Institute of Technology,WRL-Combustion,https://fs-world.org/p2.php?u=599&c=1
Saitama Institute of Technology,WRL-Combustion,https://fs-world.org/p2.php?u=341&c=1
Fukui University of Technology,WRL-Combustion,https://fs-world.org/p2.php?u=246&c=1
University of Fukui,WRL-Combustion,https://fs-world.org/p2.php?u=476&c=1
Aso College of Automotive Engineering and Technology (Fukuoka),WRL-Combustion,https://fs-world.org/p2.php?u=732&c=1
Kyushu University,WRL-Combustion,https://fs-world.org/p2.php?u=1043&c=1
Shizuoka Institute of Science and Technology,WRL-Combustion,https://fs-world.org/p2.php?u=368&c=1
Gifu University,WRL-Combustion,https://fs-world.org/p2.php?u=249&c=1
Institute of Technologists,WRL-Combustion,https://fs-world.org/p2.php?u=259&c=1
Tokyo Metropolitan University,WRL-Combustion,https://fs-world.org/p2.php?u=394&c=1
Tokyo Denki University (Hatoyama),Tokyo Denki University Formula SAE Project,https://tid.fsg.one/149
Kyushu Sangyo University,WRL-Combustion,https://fs-world.org/p2.php?u=284&c=1
Kinki University,WRL-Combustion,https://fs-world.org/p2.php?u=271&c=1
Hiroshima Institute of Technology,WRL-Combustion,https://fs-world.org/p2.php?u=676&c=1
Hiroshima University,WRL-Combustion,https://fs-world.org/p2.php?u=679&c=1
Kochi University of Technology,WRL-Combustion,https://fs-world.org/p2.php?u=273&c=1
Tokai University,WRL-Combustion,https://fs-world.org/p2.php?u=392&c=1
Kanazawa University,Kanazawa Univ. Formula R&D,https://tid.fsg.one/305
Honda Technical College Kansai,WRL-Combustion,https://fs-world.org/p2.php?u=252&c=1
Honda Technical College Kanto,WRL-Combustion,https://fs-world.org/p2.php?u=253&c=1
The University of Kitakyushu,WRL-Combustion,https://fs-world.org/p2.php?u=977&c=1
Kobe University,WRL-Combustion,https://fs-world.org/p2.php?u=272&c=1
University of Yamanashi,WRL-Combustion,https://fs-world.org/p2.php?u=503&c=1
Shibaura Institute of Technology,WRL-Combustion,https://fs-world.org/p2.php?u=367&c=1
Sojo University (Kumamoto),WRL-Combustion,https://fs-world.org/p2.php?u=370&c=1
Kurume Institute of Technology,WRL-Combustion,https://fs-world.org/p2.php?u=280&c=1
Doshisha University,WRL-Combustion,https://fs-world.org/p2.php?u=234&c=1
Kyoto University,WRL-Combustion,https://fs-world.org/p2.php?u=282&c=1
Ritsumeikan University,WRL-Combustion,https://fs-world.org/p2.php?u=336&c=1
Gunma University (Maebashi),WRL-Combustion,https://fs-world.org/p2.php?u=1208&c=1
Keio University,WRL-Combustion,https://fs-world.org/p2.php?u=269&c=1
Ibaraki University,WRL-Combustion,https://fs-world.org/p2.php?u=256&c=1
Nippon Institute of Technology,WRL-Combustion,https://fs-world.org/p2.php?u=357&c=1
Seikei University,WRL-Combustion,https://fs-world.org/p2.php?u=364&c=1
Daido Institute of Technology,WRL-Combustion,https://fs-world.org/p2.php?u=230&c=1
Meijo University,WRL-Combustion,https://fs-world.org/p2.php?u=302&c=1
Nagoya Institute of Technology,WRL-Combustion,https://fs-world.org/p2.php?u=344&c=1
Nagoya University,WRL-Combustion,https://fs-world.org/p2.php?u=345&c=1
Toyota Technical College Nagoya,WRL-Combustion,https://fs-world.org/p2.php?u=398&c=1
Chiba Institute of Technology,WRL-Combustion,https://fs-world.org/p2.php?u=213&c=1
"College of Industrial Technology, Nihon University",WRL-Combustion,https://fs-world.org/p2.php?u=221&c=1
Nihon Automobile College,WRL-Combustion,https://fs-world.org/p2.php?u=674&c=1
Setsunan University,WRL-Combustion,https://fs-world.org/p2.php?u=675&c=1
Niigata University,WRL-Combustion,https://fs-world.org/p2.php?u=601&c=1
Kanazawa Institute of Technology,WRL-Combustion,https://fs-world.org/p2.php?u=265&c=1
Okayama University,WRL-Combustion,https://fs-world.org/p2.php?u=317&c=1
Okayama University of Science,WRL-Combustion,https://fs-world.org/p2.php?u=733&c=1
Osaka City University,WRL-Combustion,https://fs-world.org/p2.php?u=322&c=1
Osaka Institute of Technology,WRL-Combustion,https://fs-world.org/p2.php?u=323&c=1
Saitama University,WRL-Combustion,https://fs-world.org/p2.php?u=1118&c=1
Osaka Prefecture University,WRL-Combustion,https://fs-world.org/p2.php?u=677&c=1
Kyoto Institute of Technology,WRL-Combustion,https://fs-world.org/p2.php?u=281&c=1
Sanyo-Onoda City University at Tokyo University of Science,WRL-Combustion,https://fs-world.org/p2.php?u=800&c=1
Hokkaido Automotive Engineering College,WRL-Combustion,https://fs-world.org/p2.php?u=731&c=1
Hokkaido University,WRL-Combustion,https://fs-world.org/p2.php?u=251&c=1
Kokushikan University,WRL-Combustion,https://fs-world.org/p2.php?u=275&c=1
Kogakuin University,WRL-Combustion,https://fs-world.org/p2.php?u=274&c=1
Waseda University,WRL-Combustion,https://fs-world.org/p2.php?u=509&c=1
Tokyo University of Science,WRL-Combustion,https://fs-world.org/p2.php?u=396&c=1
Shizuoka Professional College of Automobile Technology,WRL-Combustion,https://fs-world.org/p2.php?u=847&c=1
Shizuoka University,WRL-Combustion,https://fs-world.org/p2.php?u=369&c=1
Osaka University,Osaka Univ. Formula RAcing Club,https://tid.fsg.one/547
WIZ International College of Information and Technology (Tamura),WRL-Combustion,https://fs-world.org/p2.php?u=673&c=1
Kyushu Institute of Technology,WRL-Combustion,https://fs-world.org/p2.php?u=283&c=1
Aoyama Gakuin University,WRL-Combustion,https://fs-world.org/p2.php?u=734&c=1
"College of Science and Technology, Nihon University",WRL-Combustion,https://fs-world.org/p2.php?u=222&c=1
Meisei University,WRL-Combustion,https://fs-world.org/p2.php?u=303&c=1
Sophia University,Sophia Racing,https://tid.fsg.one/34
Teikyo University,WRL-Combustion,https://fs-world.org/p2.php?u=1119&c=1
The University of Tokyo,The University of Tokyo Formula Factory,https://tid.fsg.one/176
Tokyo City University,WRL-Combustion,https://fs-world.org/p2.php?u=343&c=1
Tokyo Institute of Technology,WRL-Combustion,https://fs-world.org/p2.php?u=603&c=1
Tokyo Metropolitan College of Industrial Technology,WRL-Combustion,https://fs-world.org/p2.php?u=393&c=1
Tokyo Tech Car College Setagaya,WRL-Combustion,https://fs-world.org/p2.php?u=1211&c=1
Tottori University,WRL-Combustion,https://fs-world.org/p2.php?u=600&c=1
University of Toyama,WRL-Combustion,https://fs-world.org/p2.php?u=913&c=1
Aichi Institute of Technology (Toyota),WRL-Combustion,https://fs-world.org/p2.php?u=678&c=1
Faculty of Textile Science & Technology. Shinshu University,WRL-Combustion,https://fs-world.org/p2.php?u=239&c=1
Utsunomiya University,WRL-Combustion,https://fs-world.org/p2.php?u=505&c=1
Yamagata University,WRL-Combustion,https://fs-world.org/p2.php?u=602&c=1
Yokohama National University,WRL-Combustion,https://fs-world.org/p2.php?u=519&c=1
Jordan University of Science and Technology,WRL-Combustion,https://fs-world.org/p2.php?u=957&c=1
Nazarbayev University,NUFormulaS,https://tid.fsg.one/599
University Putra Malaysia (Serdang),WRL-Combustion,https://fs-world.org/p2.php?u=1209&c=1
Universiti Teknologi MARA,WRL-Combustion,https://fs-world.org/p2.php?u=1048&c=1
Taylor's University (Subang Jaya),NGF College,https://tid.fsg.one/1127
Universiti Teknologi Petronas,WRL-Combustion,https://fs-world.org/p2.php?u=469&c=1
University of Malta,WRL-Combustion,https://fs-world.org/p2.php?u=482&c=1
Instituto Tecnológico de Chihuahua,WRL-Combustion,https://fs-world.org/p2.php?u=261&c=1
Escuela Superior de Ingeniería Automotriz (ESIA) Tlalnepa,WRL-Combustion,https://fs-world.org/p2.php?u=238&c=1
Escuela Superior de Ingeniería Mecánica y Electrica Unidad Politécnica Ticomán,WRL-Combustion,https://fs-world.org/p2.php?u=795&c=1
Instituto Politécnico Nacional,WRL-Combustion,https://fs-world.org/p2.php?u=719&c=1
Unidad Profesional Interdisciplinaria en Ingeniería y Tecnologías Avanzadas or UPIITA,WRL-Combustion,https://fs-world.org/p2.php?u=1228&c=1
Universidad Iberoamericana,WRL-Combustion,https://fs-world.org/p2.php?u=457&c=1
Universidad LaSalle,WRL-Combustion,https://fs-world.org/p2.php?u=286&c=1
Universidad Nacional Autónoma de México (Mexico City),UNAM Motorsports,https://tid.fsg.one/416
ESIA San Luis Potosi,SLP Motorsports,https://tid.fsg.one/701
Universidad Autónoma del Estado de México,WRL-Combustion,https://fs-world.org/p2.php?u=454&c=1
Universidad Panamericana Sede México,WRL-Combustion,https://fs-world.org/p2.php?u=459&c=1
HAN University of Applied Sciences,HAN Formula Student Team,https://tid.fsg.one/698
TU Delft,Delft University of Technology Racing Team,https://tid.fsg.one/44
Technische Universiteit Eindhoven,University Racing Eindhoven,https://tid.fsg.one/90
Hanze University of Applied Sciences Groningen,Hanze Racing Division,https://tid.fsg.one/368
University of Auckland,The University of Auckland Formula SAE Team,https://tid.fsg.one/69
University of Waikato (Hamilton ),WRL-Combustion,https://fs-world.org/p2.php?u=391&c=1
Nnamdi Azikiwe University (Awka),Nigerian Formula 1,https://tid.fsg.one/99
Østfold University College,WRL-Combustion,https://fs-world.org/p2.php?u=787&c=1
University of Agder (Kristiansand),Align Racing UiA,https://tid.fsg.one/1111
University of Stavanger,Formula Student Team UiS,https://tid.fsg.one/472
Norwegian University of Science and Technology,Revolve NTNU,https://tid.fsg.one/421
International Islamic University,Thunderbird Formula Team,https://tid.fsg.one/769
Pakistan Institute of Engineering & Applied Sciences (Islamabad),PIEAS Formula Student,https://tid.fsg.one/658
University of Lahore - Islamabad,Vendetta Motorsports ,https://tid.fsg.one/1140
DHA Suffa University (Karachi),TEAM DSU BUR'RAQ,https://tid.fsg.one/740
National University of Sciences and Technology - Karachi,NUST Formula Student Team,https://tid.fsg.one/480
NED University of Engineering and Technology (Karachi),NED Racers,https://tid.fsg.one/1020
Shaheed Zulfikar Ali Bhutto Institute of Science and Technology,Formula ZAB,https://tid.fsg.one/731
University of Engineering and Technology,Ape Technology,https://tid.fsg.one/642
Heavy Industry Taxila Education Complex University,Team Renegades,https://tid.fsg.one/696
Ghulam Ishaq Khan Institute of Engineering Sciences and Technology,Burraq Racing Team,https://tid.fsg.one/393
Białystok University of Technology,Cerber MotorSport,https://tid.fsg.one/491
Gdańsk University of Technology,PGRacing Team,https://tid.fsg.one/723
Silesian University of Technology (Gliwice),PolSl Racing,https://tid.fsg.one/583
AGH University of Science and Technology,AGH Racing,https://tid.fsg.one/625
Poznan University of Technology,PUT Motorsport,https://tid.fsg.one/668
Rzeszów University of Technology,PRz Racing Team,https://tid.fsg.one/620
Warsaw University of Technology,WUT Racing Team,https://tid.fsg.one/204
Wroclaw University of Technology,PWR Racing Team,https://tid.fsg.one/272
Instituto Superior de Engenharia de Coimbra,phisec racing,https://tid.fsg.one/206
Polytechnic Institute of Leiria,FSIPLeiria,https://tid.fsg.one/160
Instituto Superior de Engenharia de Lisboa,ISEL Formula Student,https://tid.fsg.one/726
Universidade de Lisboa - Instituto Superior Técnico,Projecto FST ,https://tid.fsg.one/19
Universidade Independente,WRL-Combustion,https://fs-world.org/p2.php?u=528&c=1
Universidade NOVA de Lisboa,FSFCT,https://tid.fsg.one/1223
Universidad Interamericana de Puerto Rico,WRL-Combustion,https://fs-world.org/p2.php?u=262&c=1
Ana G. Méndez University - Gurabo,WRL-Combustion,https://fs-world.org/p2.php?u=714&c=1
Recinto Universitario de Mayagüez,WRL-Combustion,https://fs-world.org/p2.php?u=889&c=1
Polytechnic University of Puerto Rico,WRL-Combustion,https://fs-world.org/p2.php?u=330&c=1
University of Puerto Rico,WRL-Combustion,https://fs-world.org/p2.php?u=438&c=1
Qatar University (Doha),Alfares,https://tid.fsg.one/540
Universitatea Transilvania din Braşov,BlueStreamline,https://tid.fsg.one/200
University Politehnica Of Bucharest,UPB Drive,https://tid.fsg.one/1063
"The ""Gheorghe Asachi"" Technical University of Iasi",T.U.Iasi Racing Team,https://tid.fsg.one/362
Universitatea Politehnica Timișoara,UPT Racing Team,https://tid.fsg.one/944
Belgorod state technological university named after V. G. Shukhov,Shukhov Racing Team,https://tid.fsg.one/757
South Ural State University,Heart of Ural,https://tid.fsg.one/454
Cherepovets State University,Chsu Racing Team,https://tid.fsg.one/1052
Ural State University of Railway Transport,Usurt,https://tid.fsg.one/566
Bauman Moscow State Technical University,Bauman Racing,https://tid.fsg.one/431
Moscow Polytechnic University,FDR Moscow,https://tid.fsg.one/115
Moscow State Automobile & Road Technical University - MADI,Formula Student MADI,https://tid.fsg.one/53
Moscow State University of Instrument Engineering and Computer Science,Formula MGUPI,https://tid.fsg.one/392
Peoples' Friendship University of Russia,FS RUDN,https://tid.fsg.one/537
Nizhny Novgorod State Technical University,AMIgo,https://tid.fsg.one/541
Peter the Great St. Petersburg Polytechnic University,Polytech North Capital Motorsport,https://tid.fsg.one/754
Togliatti State University,Togliatti Racing Team,https://tid.fsg.one/178
Tyumen Industrial University,Neftegaz Engineering,https://tid.fsg.one/523
Ufa State Aviation Technical University,UGATU Racing Team,https://tid.fsg.one/1207
Voronezh State Technical University,Voronezh Racing Technologies Formula Student Team,https://tid.fsg.one/1209
King Abdulaziz University-Jeddah,Jeddah Formula Racing,https://tid.fsg.one/102
Alfaisal University,Haizum,https://tid.fsg.one/1237
King Saud University (Riyadh),King Saud University Formula team,https://tid.fsg.one/1086
University of Belgrade (Универзитет у Београду),Road Arrow Combustion Team,https://tid.fsg.one/548
Nanyang Technological University,Nanfesu TU,https://tid.fsg.one/825
National University of Singapore,WRL-Combustion,https://fs-world.org/p2.php?u=346&c=1
Slovak University of Technology in Bratislava,AM Team,https://tid.fsg.one/138
University of Ljubljana,Superior Engineering - Formula student Team Ljubljana,https://tid.fsg.one/722
University of Maribor,UNI Maribor Grand Prix Engineering,https://tid.fsg.one/372
Cape Peninsula University of Technology,Cape Speed,https://tid.fsg.one/762
Nelson Mandela Metropolitan University (Port Elizabeth),NMMU Racing,https://tid.fsg.one/210
Hoseo University,WRL-Combustion,https://fs-world.org/p2.php?u=254&c=1
Korea University of Technology and Education,WRL-Combustion,https://fs-world.org/p2.php?u=277&c=1
Chungbuk National University,ABC ,https://tid.fsg.one/1075
Kumoh National Institute of Technology,WRL-Combustion,https://fs-world.org/p2.php?u=278&c=1
Kunsan National University,WRL-Combustion,https://fs-world.org/p2.php?u=279&c=1
Hanyang University (Seoul),WRL-Combustion,https://fs-world.org/p2.php?u=1273&c=1
Kookmin University,Kookmin Racing,https://tid.fsg.one/302
Seoul National University of Science and Technology,WRL-Combustion,https://fs-world.org/p2.php?u=837&c=1
Ajou University (Suwon),WRL-Combustion,https://fs-world.org/p2.php?u=1041&c=1
Escola Tècnica Superior d'Enginyeria Industrial de Barcelona - Universitat Politècnica de Catalunya,ETSEIB Motorsport,https://tid.fsg.one/158
Escola Universitària Salesiana de Sarrià (UAB),EUSS Motorsport,https://tid.fsg.one/908
University of the Basque Country,Formula Student Bizkaia,https://tid.fsg.one/488
Universidad Politécnica de Cartagena,UPCT Racing Team,https://tid.fsg.one/1038
Universitat Jaume I (Castellón de la Plana),UJI Motorsport FS Team,https://tid.fsg.one/712
Universidad de Castilla-La Mancha,UCLM Racing Team,https://tid.fsg.one/746
University Carlos III of Madrid (Leganés),MAD Formula Team,https://tid.fsg.one/706
Universidad de León,RACING TEAM UNIVERSIDAD DE LEON,https://tid.fsg.one/1124
Universidad Francisco de Vitoria (Madrid),UFV Racing Team,https://tid.fsg.one/1059
Universidad Politécnica de Madrid (UPM),UPM Racing,https://tid.fsg.one/35
University of Malaga,Malaga Racing Team ,https://tid.fsg.one/1028
Escola Politècnica Superior d'Enginyeria de Manresa,Dynamics UPC Manresa,https://tid.fsg.one/963
Universidad Rey Juan Carlos (Móstoles),U Motorsport,https://tid.fsg.one/767
University of Cadiz (Puerto Real),Formula Gades,https://tid.fsg.one/876
TECNUN - University of Navarra (San Sebastián),Tecnun Motorsport,https://tid.fsg.one/202
University of Seville,ARUSc,https://tid.fsg.one/610
Universitat Politécnica de Valéncia,FSUPV Team,https://tid.fsg.one/605
University of Valladolid,Pisuerga Sport - FS Universidad de Valladolid,https://tid.fsg.one/659
Universidad de Vigo,UVigo Motorsport,https://tid.fsg.one/676
Escola Politècnica Superior d'Enginyeria de Vilanova i la Geltrú UPC,WRL-Combustion,https://fs-world.org/p2.php?u=982&c=1
Universidad Europea de Madrid,Formula UEM,https://tid.fsg.one/209
Ceylon-German Technical Training Institute,WRL-Combustion,https://fs-world.org/p2.php?u=598&c=1
Chalmers University of Technology (Göteborg),Chalmers Formula Student,https://tid.fsg.one/123
Karlstad University,Clear River Racing,https://tid.fsg.one/283
Linköping University,LiU Formula Student,https://tid.fsg.one/639
Luleå University of Technology,WRL-Combustion,https://fs-world.org/p2.php?u=296&c=1
Lund University,Lund Formula Student,https://tid.fsg.one/172
KTH Royal Institute of Technology (Stockholm),KTH Racing,https://tid.fsg.one/71
ETH Zürich,Akademischer Motorsportverein Zürich,https://tid.fsg.one/97
National Tsing Hua University (Hsinchu),NTHU Racing,https://tid.fsg.one/864
National Taipei University of Technology,WRL-Combustion,https://fs-world.org/p2.php?u=1044&c=1
Southern Taiwan University of Technology,WRL-Combustion,https://fs-world.org/p2.php?u=373&c=1
Chulalongkorn University (Bangkok),WRL-Combustion,https://fs-world.org/p2.php?u=672&c=1
Kasetsart University,Dongtaan racing,https://tid.fsg.one/402
King Mongkut's Institute of Technology Ladkrabang (Bangkok),INITIAL,https://tid.fsg.one/517
King Mongkut's University of Technology Thonburi,Black Pearl,https://tid.fsg.one/240
Siam University,WRL-Combustion,https://fs-world.org/p2.php?u=729&c=1
Thai-Nichi Institute of Technology,CarreraZ,https://tid.fsg.one/262
Maejo University,WRL-Combustion,https://fs-world.org/p2.php?u=911&c=1
Kasetsart University Sriracha campus,Green KUSRC III,https://tid.fsg.one/214
Prince of Songkla University (Songkhla),Lookprabida,https://tid.fsg.one/571
Çukurova University (Adana),Cukurova Racing,https://tid.fsg.one/931
Çankaya University (Ankara),Cankaya Hornet Racing,https://tid.fsg.one/1239
Gazi University (Ankara),GaziTech,https://tid.fsg.one/559
Hacettepe University (Ankara),Hacettepe Racing,https://tid.fsg.one/759
Middle East Technical University (Ankara),METU Formula Racing,https://tid.fsg.one/860
Uludağ University,Uludag Racing,https://tid.fsg.one/406
Fırat University (Elazığ),Firat Racing,https://tid.fsg.one/750
Ataturk University,AtaUni Racing,https://tid.fsg.one/810
Istanbul Technical University,TU Istanbul Racing,https://tid.fsg.one/295
Yıldız Technical University (Istanbul),YTU Racing,https://tid.fsg.one/691
Meliksah University,Meliksah Racing,https://tid.fsg.one/736
University of Kocaeli,KouFormula,https://tid.fsg.one/1131
"National Technical University of Ukraine ""Kyiv Polytechnic Institute"" (Kiev)",Formula Student KPI,https://tid.fsg.one/682
Odessa Polytechnic National State University,Formula Student ONPU,https://tid.fsg.one/439
Khalifa University (Abu Dhabi),Omran Altunaiji,https://tid.fsg.one/674
Birla Institute of Science and Technology Pilani - Dubai,Gear Shifters,https://tid.fsg.one/702
University of Aberdeen,TAU Racing,https://tid.fsg.one/1145
University of Bath,Team Bath Racing,https://tid.fsg.one/120
Queen's University Belfast,Queen's Formula Racing,https://tid.fsg.one/162
University of Ulster (Belfast),University of Ulster,https://tid.fsg.one/67
Aston University,WRL-Combustion,https://fs-world.org/p2.php?u=179&c=1
Birmingham City University,WRL-Combustion,https://fs-world.org/p2.php?u=651&c=1
University of Birmingham,UBRacing,https://tid.fsg.one/111
University of Brighton,WRL-Combustion,https://fs-world.org/p2.php?u=1271&c=1
University of Sussex,WRL-Combustion,https://fs-world.org/p2.php?u=530&c=1
University of the West of England,UWE Formula Student,https://tid.fsg.one/1061
University of Cambridge,Full Blue Racing,https://tid.fsg.one/81
"Cardiff University, Wales",Cardiff Racing,https://tid.fsg.one/63
Coventry University,Phoenix Racing,https://tid.fsg.one/122
University of Warwick (Coventry),Warwick Racing,https://tid.fsg.one/602
University of Derby,WRL-Combustion,https://fs-world.org/p2.php?u=954&c=1
University of Dundee,Will,https://tid.fsg.one/386
Heriot-Watt University,WRL-Combustion,https://fs-world.org/p2.php?u=652&c=1
University of Edinburgh,Edinburgh University Formula Student,https://tid.fsg.one/1067
University of Exeter,WRL-Combustion,https://fs-world.org/p2.php?u=842&c=1
University of Glasgow,UGRacing,https://tid.fsg.one/1026
University of Strathclyde (Glasgow),University of Strathclyde Motorsport,https://tid.fsg.one/57
University of the West of Scotland,Bell Racing,https://tid.fsg.one/104
University Of Hertfordshire (Hatfield),University Of Hertfordshire,https://tid.fsg.one/132
University of Huddersfield,Team HARE,https://tid.fsg.one/150
University of Hull,WRL-Combustion,https://fs-world.org/p2.php?u=785&c=1
Kingston University,Kingston Racing,https://tid.fsg.one/1048
Lancaster  University,Lancaster Racing,https://tid.fsg.one/56
University of Leeds,Leeds Gryphon Racing,https://tid.fsg.one/220
De Montfort University,WRL-Combustion,https://fs-world.org/p2.php?u=955&c=1
Liverpool John Moores University,LJMU Racing Team,https://tid.fsg.one/364
University of Liverpool,University of Liverpool Motorsport,https://tid.fsg.one/389
City University London,WRL-Combustion,https://fs-world.org/p2.php?u=217&c=1
Queen Mary University of London,WRL-Combustion,https://fs-world.org/p2.php?u=1075&c=1
University College London,WRL-Combustion,https://fs-world.org/p2.php?u=470&c=1
Loughborough University,LUMotorsport,https://tid.fsg.one/58
Manchester Metropolitan University,MMU Racing,https://tid.fsg.one/469
University of Manchester,University of Manchester Formula Student,https://tid.fsg.one/763
Newcastle University,WRL-Combustion,https://fs-world.org/p2.php?u=348&c=1
University of Northampton,WRL-Combustion,https://fs-world.org/p2.php?u=901&c=1
Oxford Brookes University,Oxford Brookes Racing,https://tid.fsg.one/42
University of Portsmouth,Formula Student Portsmouth,https://tid.fsg.one/474
University of Central Lancashire,Formula UCLAN,https://tid.fsg.one/164
University of Salford,WRL-Combustion,https://fs-world.org/p2.php?u=1272&c=1
Sheffield Hallam University,WRL-Combustion,https://fs-world.org/p2.php?u=366&c=1
University of Sheffield,Sheffield Formula Racing,https://tid.fsg.one/892
University of Southampton,SUFST,https://tid.fsg.one/710
Staffordshire University,WRL-Combustion,https://fs-world.org/p2.php?u=1204&c=1
University of Sunderland,WRL-Combustion,https://fs-world.org/p2.php?u=494&c=1
Swansea University,Swansea University Race Engineering,https://tid.fsg.one/70
University of Wales Trinity Saint David,SMU Racing,https://tid.fsg.one/169
Brunel University London (Uxbridge),Brunel Racing,https://tid.fsg.one/109
University of Wolverhampton,asda,https://tid.fsg.one/985
North East Wales Institute of Higher Education,WRL-Combustion,https://fs-world.org/p2.php?u=349&c=1
The University of Akron,Zips Racing,https://tid.fsg.one/354
University of New Mexico,WRL-Combustion,https://fs-world.org/p2.php?u=431&c=1
Grand Valley State University (Allendale),WRL-Combustion,https://fs-world.org/p2.php?u=1019&c=1
Iowa State University,WRL-Combustion,https://fs-world.org/p2.php?u=263&c=1
University of Michigan - Ann Arbor (Ann Arbor),MRacing,https://tid.fsg.one/175
United States Naval Academy,WRL-Combustion,https://fs-world.org/p2.php?u=399&c=1
University of Texas at Arlington,UTA Racing,https://tid.fsg.one/622
University of Georgia (Athens),WRL-Combustion,https://fs-world.org/p2.php?u=1267&c=1
Georgia Institute of Technology,GT Motorsports,https://tid.fsg.one/1175
Auburn University,War Eagle Motorsports,https://tid.fsg.one/40
University of Texas at Austin,Longhorn Racing,https://tid.fsg.one/313
Louisiana State University,TigerRacing,https://tid.fsg.one/1160
Western Washington University,Western Washington University Formula SAE,https://tid.fsg.one/270
Lehigh University,WRL-Combustion,https://fs-world.org/p2.php?u=290&c=1
Ferris State University,WRL-Combustion,https://fs-world.org/p2.php?u=242&c=1
Binghamton University,WRL-Combustion,https://fs-world.org/p2.php?u=181&c=1
University of Alabama at Birmingham,WRL-Combustion,https://fs-world.org/p2.php?u=404&c=1
Virginia Polytechnic Institute and State University,WRL-Combustion,https://fs-world.org/p2.php?u=508&c=1
Florida Atlantic University,WRL-Combustion,https://fs-world.org/p2.php?u=243&c=1
University of Colorado at Boulder,WRL-Combustion,https://fs-world.org/p2.php?u=413&c=1
Montana State University - Bozeman,WRL-Combustion,https://fs-world.org/p2.php?u=314&c=1
South Dakota State University,WRL-Combustion,https://fs-world.org/p2.php?u=372&c=1
Polytechnic Institute of New York University,WRL-Combustion,https://fs-world.org/p2.php?u=329&c=1
State University of New York at Buffalo,WRL-Combustion,https://fs-world.org/p2.php?u=379&c=1
Southern Illinois University Carbondale,WRL-Combustion,https://fs-world.org/p2.php?u=376&c=1
Cedarville University,WRL-Combustion,https://fs-world.org/p2.php?u=195&c=1
Central Piedmont Community College,WRL-Combustion,https://fs-world.org/p2.php?u=212&c=1
University of North Carolina at Charlotte,WRL-Combustion,https://fs-world.org/p2.php?u=432&c=1
University of Illinois at Chicago,WRL-Combustion,https://fs-world.org/p2.php?u=564&c=1
"California State University, Chico",WRL-Combustion,https://fs-world.org/p2.php?u=895&c=1
University of Cincinnati,Bearcat Motorsports,https://tid.fsg.one/131
Clemson University,WRL-Combustion,https://fs-world.org/p2.php?u=219&c=1
Case Western Reserve University,WRL-Combustion,https://fs-world.org/p2.php?u=194&c=1
Cleveland State University,WRL-Combustion,https://fs-world.org/p2.php?u=220&c=1
Texas A&M University,WRL-Combustion,https://fs-world.org/p2.php?u=386&c=1
United States Air Force Academy,WRL-Combustion,https://fs-world.org/p2.php?u=402&c=1
University of Missouri,Mizzou Racing,https://tid.fsg.one/478
University of South Carolina,WRL-Combustion,https://fs-world.org/p2.php?u=491&c=1
The Ohio State University (Columbus),Formula Buckeyes,https://tid.fsg.one/332
Tennessee Technological University,WRL-Combustion,https://fs-world.org/p2.php?u=385&c=1
Oregon State University (Corvallis),Global Formula Racing (US),https://tid.fsg.one/189
Southern Methodist University (Dallas),WRL-Combustion,https://fs-world.org/p2.php?u=1021&c=1
University of Massachusetts Dartmouth,WRL-Combustion,https://fs-world.org/p2.php?u=796&c=1
University of California Davis,WRL-Combustion,https://fs-world.org/p2.php?u=412&c=1
Embry-Riddle Aeronautical University,WRL-Combustion,https://fs-world.org/p2.php?u=237&c=1
The University of Michigan-Dearborn,The University of Michigan Dearborn Formula SAE,https://tid.fsg.one/328
Northern Illinois University,WRL-Combustion,https://fs-world.org/p2.php?u=352&c=1
University of North Texas (Denton),WRL-Combustion,https://fs-world.org/p2.php?u=839&c=1
Regis University,Regis Uni FS Team,https://tid.fsg.one/756
University of Colorado Denver,WRL-Combustion,https://fs-world.org/p2.php?u=474&c=1
Wayne State University,WRL-Combustion,https://fs-world.org/p2.php?u=512&c=1
University of Minnesota Duluth,WRL-Combustion,https://fs-world.org/p2.php?u=565&c=1
Duke University,WRL-Combustion,https://fs-world.org/p2.php?u=235&c=1
University of New Hampshire,WRL-Combustion,https://fs-world.org/p2.php?u=430&c=1
Michigan State University (East Lansing),Michigan State University Formula Racing Team,https://tid.fsg.one/171
Lafayette College,WRL-Combustion,https://fs-world.org/p2.php?u=285&c=1
Southern Illinois University Edwardsville,WRL-Combustion,https://fs-world.org/p2.php?u=375&c=1
Northwestern University,WRL-Combustion,https://fs-world.org/p2.php?u=361&c=1
University of Evansville,WRL-Combustion,https://fs-world.org/p2.php?u=415&c=1
North Dakota State University,WRL-Combustion,https://fs-world.org/p2.php?u=360&c=1
Kettering University,WRL-Combustion,https://fs-world.org/p2.php?u=250&c=1
Colorado State University,WRL-Combustion,https://fs-world.org/p2.php?u=224&c=1
"California State University, Fresno",WRL-Combustion,https://fs-world.org/p2.php?u=188&c=1
"California State University, Fullerton",Titan Racing Formula,https://tid.fsg.one/1180
University of Florida,GatorMotorsports,https://tid.fsg.one/1197
University of North Dakota,WRL-Combustion,https://fs-world.org/p2.php?u=433&c=1
Colorado Mesa University (Grand Junction),WRL-Combustion,https://fs-world.org/p2.php?u=949&c=1
North Carolina Agricultural and Technical State University,WRL-Combustion,https://fs-world.org/p2.php?u=358&c=1
Purdue University - Calumet (Hammond),WRL-Combustion,https://fs-world.org/p2.php?u=1015&c=1
Dartmouth College,WRL-Combustion,https://fs-world.org/p2.php?u=232&c=1
Stevens Institute of Technology,WRL-Combustion,https://fs-world.org/p2.php?u=378&c=1
Hope College,WRL-Combustion,https://fs-world.org/p2.php?u=655&c=1
University of Hawaii at Manoa,WRL-Combustion,https://fs-world.org/p2.php?u=419&c=1
Michigan Technological University,WRL-Combustion,https://fs-world.org/p2.php?u=307&c=1
University of Houston,WRL-Combustion,https://fs-world.org/p2.php?u=420&c=1
Alabama A&M University,WRL-Combustion,https://fs-world.org/p2.php?u=1200&c=1
University of Alabama in Huntsville,WRL-Combustion,https://fs-world.org/p2.php?u=471&c=1
University of Iowa,WRL-Combustion,https://fs-world.org/p2.php?u=478&c=1
Cornell University (Ithaca),Cornell University,https://tid.fsg.one/294
University of North Florida,WRL-Combustion,https://fs-world.org/p2.php?u=782&c=1
Western Michigan University,WRL-Combustion,https://fs-world.org/p2.php?u=514&c=1
Kennesaw State University,WRL-Combustion,https://fs-world.org/p2.php?u=374&c=1
Oregon Institute of Technology,WRL-Combustion,https://fs-world.org/p2.php?u=320&c=1
Pellissippi State Community College (Knoxville),WRL-Combustion,https://fs-world.org/p2.php?u=1227&c=1
University of California San Diego,WRL-Combustion,https://fs-world.org/p2.php?u=411&c=1
University of Louisiana at Lafayette,WRL-Combustion,https://fs-world.org/p2.php?u=481&c=1
University of Wyoming,WRL-Combustion,https://fs-world.org/p2.php?u=502&c=1
University of Kansas (Lawrence),Jayhawk Motorsports,https://tid.fsg.one/106
University of Kentucky,WRL-Combustion,https://fs-world.org/p2.php?u=479&c=1
University of Nebraska–Lincoln,WRL-Combustion,https://fs-world.org/p2.php?u=794&c=1
"California State University, Long Beach",WRL-Combustion,https://fs-world.org/p2.php?u=189&c=1
LeTourneau University,WRL-Combustion,https://fs-world.org/p2.php?u=291&c=1
"California State University, Los Angeles",WRL-Combustion,https://fs-world.org/p2.php?u=718&c=1
Loyola Marymount University,WRL-Combustion,https://fs-world.org/p2.php?u=295&c=1
"University of California, Los Angeles",WRL-Combustion,https://fs-world.org/p2.php?u=896&c=1
University of Southern California,WRL-Combustion,https://fs-world.org/p2.php?u=441&c=1
University of Louisville,WRL-Combustion,https://fs-world.org/p2.php?u=423&c=1
University of Massachusetts Lowell,WRL-Combustion,https://fs-world.org/p2.php?u=426&c=1
Texas Tech University,WRL-Combustion,https://fs-world.org/p2.php?u=387&c=1
University of Wisconsin-Madison,University of Wisconsin-Madison Formula SAE,https://tid.fsg.one/91
Kansas State University,WRL-Combustion,https://fs-world.org/p2.php?u=267&c=1
"Minnesota State University, Mankato",MNSU Motorsports,https://tid.fsg.one/1199
Florida Institute of Technology,WRL-Combustion,https://fs-world.org/p2.php?u=244&c=1
Florida International University,WRL-Combustion,https://fs-world.org/p2.php?u=245&c=1
Penn State Harrisburg (Middletown),WRL-Combustion,https://fs-world.org/p2.php?u=1066&c=1
Marquette University,WRL-Combustion,https://fs-world.org/p2.php?u=298&c=1
Milwaukee School of Engineering,WRL-Combustion,https://fs-world.org/p2.php?u=309&c=1
University of Minnesota Twin Cities,WRL-Combustion,https://fs-world.org/p2.php?u=428&c=1
Mississippi State University,WRL-Combustion,https://fs-world.org/p2.php?u=311&c=1
Spring Hill College,SpringHill FS,https://tid.fsg.one/755
Monroe County Community College,WRL-Combustion,https://fs-world.org/p2.php?u=313&c=1
West Virginia University,WRL-Combustion,https://fs-world.org/p2.php?u=513&c=1
University of Idaho,WRL-Combustion,https://fs-world.org/p2.php?u=421&c=1
Central Michigan University (Mt Pleasant),WRL-Combustion,https://fs-world.org/p2.php?u=948&c=1
Middle Tennessee State University,WRL-Combustion,https://fs-world.org/p2.php?u=308&c=1
Vanderbilt University,WRL-Combustion,https://fs-world.org/p2.php?u=506&c=1
City College of The City University of New York,WRL-Combustion,https://fs-world.org/p2.php?u=216&c=1
Columbia University,WRL-Combustion,https://fs-world.org/p2.php?u=225&c=1
Cooper Union,WRL-Combustion,https://fs-world.org/p2.php?u=227&c=1
Vaughn College of Aeronautics and Technology (New York City),WRL-Combustion,https://fs-world.org/p2.php?u=1229&c=1
New Jersey Institute of Technology,WRL-Combustion,https://fs-world.org/p2.php?u=347&c=1
"Rutgers, The State University of New Jersey",WRL-Combustion,https://fs-world.org/p2.php?u=337&c=1
University of Delaware,WRL-Combustion,https://fs-world.org/p2.php?u=414&c=1
Old Dominion University,WRL-Combustion,https://fs-world.org/p2.php?u=319&c=1
University of Oklahoma (Norman),Sooner Racing Team,https://tid.fsg.one/231
"California State University, Northridge",Matador Motorsports,https://tid.fsg.one/887
Utah Valley University,UVU Racing,https://tid.fsg.one/665
University of Central Florida,Knight's Racing,https://tid.fsg.one/39
University of Maine,WRL-Combustion,https://fs-world.org/p2.php?u=783&c=1
Miami University,WRL-Combustion,https://fs-world.org/p2.php?u=356&c=1
Bradley University,WRL-Combustion,https://fs-world.org/p2.php?u=183&c=1
Drexel University,Drexel Racing,https://tid.fsg.one/92
Philadelphia University,WRL-Combustion,https://fs-world.org/p2.php?u=898&c=1
Temple University,WRL-Combustion,https://fs-world.org/p2.php?u=384&c=1
Grand Canyon University (Phoenix),WRL-Combustion,https://fs-world.org/p2.php?u=1268&c=1
Pittsburg State University,WRL-Combustion,https://fs-world.org/p2.php?u=328&c=1
University of Pittsburgh,Panther Racing,https://tid.fsg.one/671
University of Wisconsin-Platteville,Pioneer Racing,https://tid.fsg.one/1221
"California State Polytechnic University, Pomona",Cal Poly Pomona Formula SAE,https://tid.fsg.one/197
Portland State University,WRL-Combustion,https://fs-world.org/p2.php?u=331&c=1
University of Portland,WRL-Combustion,https://fs-world.org/p2.php?u=488&c=1
Clarkson University,WRL-Combustion,https://fs-world.org/p2.php?u=218&c=1
Brown University,WRL-Combustion,https://fs-world.org/p2.php?u=185&c=1
Brigham Young University,WRL-Combustion,https://fs-world.org/p2.php?u=184&c=1
Washington State University,WRL-Combustion,https://fs-world.org/p2.php?u=510&c=1
North Carolina State University,WRL-Combustion,https://fs-world.org/p2.php?u=359&c=1
South Dakota School of Mines and Technology,WRL-Combustion,https://fs-world.org/p2.php?u=371&c=1
The University of Texas at Dallas,WRL-Combustion,https://fs-world.org/p2.php?u=1201&c=1
Virginia Commonwealth University (Richmond),WRL-Combustion,https://fs-world.org/p2.php?u=1266&c=1
California Baptist University (Riverside),WRL-Combustion,https://fs-world.org/p2.php?u=1072&c=1
"University of California, Riverside",WRL-Combustion,https://fs-world.org/p2.php?u=572&c=1
Oakland University (Rochester),Oakland University Formula SAE,https://tid.fsg.one/981
Rochester Institute of Technology,Rochester Institute of Technology,https://tid.fsg.one/105
Missouri University of Science and Technology,Missouri Science and Technology Racing,https://tid.fsg.one/462
"California State University, Sacramento",WRL-Combustion,https://fs-world.org/p2.php?u=191&c=1
Saginaw Valley State University,WRL-Combustion,https://fs-world.org/p2.php?u=340&c=1
University of St. Thomas,WRL-Combustion,https://fs-world.org/p2.php?u=781&c=1
University of Utah,WRL-Combustion,https://fs-world.org/p2.php?u=499&c=1
University of Texas at San Antonio,WRL-Combustion,https://fs-world.org/p2.php?u=444&c=1
San Diego State University,WRL-Combustion,https://fs-world.org/p2.php?u=342&c=1
San José State University,Spartan Racing,https://tid.fsg.one/697
Texas State University,WRL-Combustion,https://fs-world.org/p2.php?u=1067&c=1
Saint Louis University,WRL-Combustion,https://fs-world.org/p2.php?u=326&c=1
University of California Santa Barbara,WRL-Combustion,https://fs-world.org/p2.php?u=473&c=1
Santa Clara University,WRL-Combustion,https://fs-world.org/p2.php?u=363&c=1
Union College,WRL-Combustion,https://fs-world.org/p2.php?u=401&c=1
University of Washington (Seattle),UWashington Formula Motorsports,https://tid.fsg.one/415
Lawrence Technological University,Blue Devil Motorsports,https://tid.fsg.one/319
St. Cloud State University,WRL-Combustion,https://fs-world.org/p2.php?u=377&c=1
Washington University in St. Louis,WRL-Combustion,https://fs-world.org/p2.php?u=511&c=1
Georgia Southern University,WRL-Combustion,https://fs-world.org/p2.php?u=248&c=1
Oklahoma State University - Stillwater,WRL-Combustion,https://fs-world.org/p2.php?u=318&c=1
University of Connecticut,WRL-Combustion,https://fs-world.org/p2.php?u=475&c=1
Syracuse University,WRL-Combustion,https://fs-world.org/p2.php?u=381&c=1
FAMU-FSU College of Engineering,WRL-Combustion,https://fs-world.org/p2.php?u=240&c=1
University of South Florida,University of South Florida,https://tid.fsg.one/522
Arizona State University,WRL-Combustion,https://fs-world.org/p2.php?u=178&c=1
Rose-Hulman Institute of Technology,WRL-Combustion,https://fs-world.org/p2.php?u=338&c=1
Nicholls State University,WRL-Combustion,https://fs-world.org/p2.php?u=350&c=1
University of Toledo,WRL-Combustion,https://fs-world.org/p2.php?u=445&c=1
Hudson Valley Community College,Loki Motorsports,https://tid.fsg.one/288
Rensselaer Polytechnic Institute,WRL-Combustion,https://fs-world.org/p2.php?u=335&c=1
University of Arizona,WRL-Combustion,https://fs-world.org/p2.php?u=407&c=1
University of Alabama,WRL-Combustion,https://fs-world.org/p2.php?u=405&c=1
Pennsylvania State University,Penn State Formula Racing,https://tid.fsg.one/991
University of Illinois at Urbana-Champaign,Illini Motorsport,https://tid.fsg.one/310
Villanova University,WRL-Combustion,https://fs-world.org/p2.php?u=563&c=1
University of Hartford,WRL-Combustion,https://fs-world.org/p2.php?u=418&c=1
Purdue University - West Lafayette,Purdue FSAE,https://tid.fsg.one/567
Wichita State University,WRL-Combustion,https://fs-world.org/p2.php?u=516&c=1
Worcester Polytechnic Institute,WRL-Combustion,https://fs-world.org/p2.php?u=517&c=1
York College of Pennsylvania,WRL-Combustion,https://fs-world.org/p2.php?u=520&c=1
Universidad Nacional Experimental Politécnica,WRL-Combustion,https://fs-world.org/p2.php?u=458&c=1
Universidad Simón Bolívar,F-SAE USB,https://tid.fsg.one/192
Universidad Católica Andrés Bello,WRL-Combustion,https://fs-world.org/p2.php?u=455&c=1
Universidad Central de Venezuela,WRL-Combustion,https://fs-world.org/p2.php?u=456&c=1
Universidad Metropolitana,WRL-Combustion,https://fs-world.org/p2.php?u=451&c=1
Universidad de Oriente Venezuela,WRL-Combustion,https://fs-world.org/p2.php?u=450&c=1
Universidad del Zulia,Formula SAE-LUZ,https://tid.fsg.one/165
